index,salary,age
count,15.0,15.0
mean,76333.33333333333,29.8
std,14509.438635722938,3.2115861679683633
min,50000.0,25.0
25%,65000.0,27.5
50%,80000.0,29.0
75%,87500.0,31.5
max,95000.0,36.0
