index,math,science,english,history
count,12.0,12.0,12.0,12.0
mean,69.5,69.41666666666667,68.66666666666667,67.5
std,22.080431484585045,23.562135778070765,21.71858581254704,24.600443454983044
min,35.0,30.0,38.0,28.0
25%,52.5,49.5,49.5,48.0
50%,75.0,75.0,74.0,74.5
75%,88.75,88.5,89.25,88.0
max,95.0,98.0,95.0,96.0
